title,snippet,link,position,date
Bangladesh: Child marriage rises manifold in pandemic,,https://www.aa.com.tr/en/asia-pacific/bangladesh-child-marriage-rises-manifold-in-pandemic/2184001,0,2022-01-25 04:47:34
CHILD MARRIAGE: BANGLADESH - Human Rights Watch,"Bangladesh has the fourth-highest rate of child marriage in the world, after Niger, the Central African Republic, and Chad, according to the United Nations ...Bangladesh has the highest rate of child marriage of girls under the age of 15 in the world, with 29 percent of girls in Bangladesh married ...",https://www.hrw.org/reports/bangladesh_childmarriage_brochure_FINAL_web.pdf,1,2022-01-25 04:47:34
CHILD MARRIAGE: BANGLADESH - Human Rights Watch,"Bangladesh has the fourth-highest rate of child marriage in the world, after Niger, the Central African Republic, and Chad, according to the United Nations ...",https://www.hrw.org/reports/bangladesh_childmarriage_brochure_FINAL_web.pdf,2,2022-01-25 04:47:34
Bangladesh: Girls Damaged by Child Marriage - Human ...,"Bangladesh has the highest rate of child marriage of girls under the age of 15 in the world, with 29 percent of girls in Bangladesh married ...",https://www.hrw.org/news/2015/06/09/bangladesh-girls-damaged-child-marriage,3,2022-01-25 04:47:34
Ending child marriage | UNICEF,"However, the majority of population in Bangladesh do not believe marrying children is a form of sexual violence. Adolescents who marry are therefore at the risk ...",https://www.unicef.org/bangladesh/en/ending-child-marriage,4,2022-01-25 04:47:34
Ending child marriage: A profile of progress in Bangladesh,"Oct 7, 2020 — Bangladesh is home to 38 million child brides, including currently married girls along with women who were first married in childhood.",https://reliefweb.int/report/bangladesh/ending-child-marriage-profile-progress-bangladesh,5,2022-01-25 04:47:34
Atlas - Girls Not Brides,"Every year, 12 million girls marry before the age of 18. Child marriage happens across countries, cultures and religions. This interactive tool provides ...",https://atlas.girlsnotbrides.org/,6,2022-01-25 04:47:34
Bangladesh's Child Marriage Problem Is the World's Human,"Nov 8, 2019 — The country with the highest rate of marriage involving girls under the age of 15 in the world, and where 150,000 to 200,000 children and young ...",https://foreignpolicy.com/2019/11/08/bangladesh-child-marriage-human-trafficking-crisis/,7,2022-01-25 04:47:34
The 'saddest bride I have ever seen': Child marriage is as ...,"Aug 28, 2015 — Although Nasoin Akhter's marriage is technically illegal in Bangladesh, laws against child marriage are rarely enforced.",https://www.washingtonpost.com/news/morning-mix/wp/2015/08/28/the-saddest-bride-i-have-ever-seen-child-marrige-is-as-popular-as-ever-in-bangladesh/,8,2022-01-25 04:47:34
Preventing child marriage in Bangladesh | MDG Fund,"Although the legal age for marriage is 18 for girls (21 for boys), child marriage is a common occurrence in Bangladesh, particularly among the poorest ...",http://mdgfund.org/story/preventing-child-marriage-bangladesh,9,2022-01-25 04:47:34
Coronavirus child brides: Bangladesh teens forced into ...,"Jul 31, 2021 — Bangladesh is one of the world's top 10 countries for child marriages and home to some 38 million underage brides, Unicef found, with a child ...",https://www.scmp.com/week-asia/lifestyle-culture/article/3143285/coronavirus-child-brides-bangladesh-teens-forced,10,2022-01-25 04:47:34
U.N. to Bangladesh: do more to end child marriage | Reuters,"Oct 7, 2020 — The legal minimum age of marriage in Bangladesh is 18 for women and 21 for men. More than 190 U.N. member states, including Bangladesh, ...",https://www.reuters.com/article/us-bangladesh-women-childmarriage/u-n-to-bangladesh-do-more-to-end-child-marriage-idUSKBN26S2X5,11,2022-01-25 04:47:34
Decline in Child Marriage and Changes in Its Effect on ... - NCBI,"by SMM Kamal · 2012 · Cited by 88 — The findings of the study reveal that the practice of child marriage is very common in Bangladesh. Overall, the prevalence of child marriage was 82%, and the ...by SMM Kamal · 2015 · Cited by 129 — Despite some improvements in education and other socioeconomic indicators, Bangladeshi society still faces the relentless practice of early marriage. The mean ...",https://www.ncbi.nlm.nih.gov/pmc/articles/PMC3489948/,12,2022-01-25 04:47:34
USAID Launches Campaign to Prevent Child Marriage in ...,"Jul 29, 2021 — Today, the Bangladesh Secretary for the Ministry of Women and Children Affairs (MOWCA) Md. Sayedul Islam launched a new “Actions to Prevent ...",https://www.usaid.gov/bangladesh/press-releases/jul-29-2021-usaid-launches-campaign-prevent-child-marriage-bangladesh,13,2022-01-25 04:47:34
Child Marriage and the Effects of COVID-19 in Bangladesh,"Jun 2, 2021 — The Bangladesh government passed the Childhood Marriage Restraint Act of 2017, which includes parameters for girls to marry if they are under ...",https://www.counterpart.org/stories/child-marriage-and-the-effects-of-covid-19-in-bangladesh/,14,2022-01-25 04:47:34
Accelerating action to end child marriage in Bangladesh,"by S Amin · 2018 — Despite considerable social and economic progress in Bangladesh, child marriage remains the norm. The Population Council is partnering with UNFPA and the ...",https://knowledgecommons.popcouncil.org/departments_sbsr-pgy/439/,15,2022-01-25 04:47:34
Cooking oil as a tool against child marriage? US study says it ...,"Jul 20, 2021 — After a multi-year study conducted in Bangladesh, which has the second-highest prevalence of child marriage after Niger (Africa), ...",https://theprint.in/world/cooking-oil-as-a-tool-against-child-marriage-us-study-says-it-worked-in-rural-bangladesh/699035/,16,2022-01-25 04:47:34
COVID-19 and child marriage in Bangladesh - BMJ ...,by MJ Hossain · 2021 · Cited by 2 — We aim to briefly report on the current scenario of underage marriage in Bangladesh from available sources and highlight concerns. The prevalence of child ...,https://bmjpaedsopen.bmj.com/content/5/1/e001328,17,2022-01-25 04:47:34
Child Marriage and Fertility in Bangladesh - Open Knowledge ...,The relationship between child marriage and fertility can be due in part to the socio-economic and cultural context in which girls who marry early tend to live.,https://openknowledge.worldbank.org/handle/10986/28897?locale-attribute=fr,18,2022-01-25 04:47:34
A Signal to End Child Marriage: Theory and Experimental ...,"by N Buchmann · 2021 · Cited by 6 — underage marriage is bad for women and their children. ... Figure 1: Education, child mortality, and marriage trends in Bangladesh.",https://www.nber.org/system/files/working_papers/w29052/w29052.pdf,19,2022-01-25 04:47:34
Reducing child marriage and increasing girls' schooling in ...,"by N Buchmann · 2017 · Cited by 1 — education, higher fertility and mortality rates, and poor health among adolescent mothers and their children. According to the Bangladesh Demographic and ...",https://idl-bnc-idrc.dspacedirect.org/bitstream/handle/10625/56362/IDL-56362.pdf?sequence=2&isAllowed=y,20,2022-01-25 04:47:34
Child Marriage in Humanitarian Settings Infographic,"Apr 8, 2021 — This infographic examines study findings on child marriage in Bangladesh as part of research conducted by Women's Refugee Commission to ...",http://www.womensrefugeecommission.org/research-resources/child-marriage-bangladesh/,21,2022-01-25 04:47:34
Child marriage in Bangladesh: Does a vacuum exist within the ...,"Apr 18, 2021 — Bangladesh has the highest prevalence of child marriages in South Asia. Currently, there are 38 million girls who were married before their ...",http://blog.brac.net/child-marriage-in-bangladesh-does-a-vacuum-exist-within-the-law/,22,2022-01-25 04:47:34
Full article: Harmful practices prevail despite legal knowledge,"by S Akter · 2022 — Although well-pronounced laws against child marriage were enacted in Bangladesh, the practice remains a significant challenge. Lack of law ...",https://www.tandfonline.com/doi/full/10.1080/26410397.2021.1885790,23,2022-01-25 04:47:34
Child marriage - Wikipedia,"Niger, Chad, Bangladesh, Mali and Ethiopia were the countries with child marriage rates greater than 20% below the age of 15, according to 2003–2009 surveys ...",https://en.wikipedia.org/wiki/Child_marriage,24,2022-01-25 04:47:34
Bangladesh looks to curb child marriage with school ...,"Dec 31, 2021 — DHAKA: Bangladesh will overhaul its school curriculum and introduce a new subject covering reproductive health as the country addresses its ...",https://www.arabnews.com/node/1996121/world,25,2022-01-25 04:47:34
Child marriage practices among the Rohingya in Bangladesh,"by AJ Melnikas · 2020 · Cited by 15 — Although child marriage was practiced by the Rohingya in Myanmar, specific state law and oppression by military forces prevented many from ...",https://conflictandhealth.biomedcentral.com/articles/10.1186/s13031-020-00274-0,26,2022-01-25 04:47:34
Child Marriage - Bangladesh 2019,"Around 15% of young women age 15-17 years are currently married. •. In Bangladesh, interventions designed to establish new norms to delay child marriages as.",https://www.ilo.org/surveyLib/index.php/catalog/3036/download/21390,27,2022-01-25 04:47:34
Ending Impunity for Child Marriage in Bangladesh: - Center for ...,Child marriage in Bangladesh is governed by a series of laws. The recently enacted Child Marriage Restraint Act of 2017 (2017 CMRA).,https://www.reproductiverights.org/sites/crr.civicactions.net/files/documents/64829505_ending_impunity_for_child_marriage_bangladesh_2018_final-web.pdf,28,2022-01-25 04:47:34
A Pledge to End Child Marriage in Bangladesh - Johns ...,"Jul 19, 2021 — In Bangladesh, where more than half the girls are married before their 18th birthday despite the custom of child marriage having been ...",https://ccp.jhu.edu/2021/07/19/early-marriage-bangladesh-pledge/,29,2022-01-25 04:47:34
Child Marriage in Bangladesh. Causes and Consequences,"It affects both girls and boys, but girls are the main victims. In Bangladesh three out of four marriages involve child marriage. (Bappy, 2017:14) These young ...",https://www.grin.com/document/499638,30,2022-01-25 04:47:34
Child marriage rate goes up - New Age,"Mar 8, 2021 — According to a UNICEF report published in October 2020, in Bangladesh, 51 per cent of young women were married before their 18th birthday. Among ...",https://www.newagebd.net/article/132072/child-marriage-rate-goes-up,31,2022-01-25 04:47:34
Combating Early Marriage in Bangladesh - Young Power in ...,"Bangladesh has the fourth-highest rate of child marriage in the world. According to a UNICEF study, 29% of girls in Bangladesh married before age 15, 2% of ...",https://ypsa.org/combating-early-marriage-in-bangladesh/,32,2022-01-25 04:47:34
"Bangladesh Priorities: Child Marriage, Field et al.","Bangladesh Priorities: Child Marriage, Field et al. Research by economists from Duke University and MIT's Abdul Latif Jameel Poverty Action Lab examines ...",https://www.copenhagenconsensus.com/publication/bangladesh-priorities-child-marriage-field-et-al,33,2022-01-25 04:47:34
Child Marriage in Bangladesh: Occurrence and Links to ...,This memorandum examines the occurrence of child marriage in Bangladesh and explores its link with sexual harassment. Bangladesh has one of the highest ...,https://www.law.cornell.edu/women-and-justice/resource/child_marriage_in_bangladesh_occurrence_and_links_to_sexual_harrassment,34,2022-01-25 04:47:34
Persistence of child marriage in rural Bangladesh and impact ...,"Sep 13, 2021 — Over half of all marriages were to child brides and only minor reductions were seen over the past decade. Pregnancies were common among ...",https://www.medrxiv.org/content/10.1101/2021.09.06.21263190v1,35,2022-01-25 04:47:34
Cultural Context of Child Marriage in Bangladesh - Care.org,"Nov 4, 2020 — Cultural Context of Child Marriage in Bangladesh ... The Tipping Point Community Participatory Analysis Study was designed to deepen understanding ...",https://www.care.org/news-and-stories/resources/cultural-context-of-child-marriage-in-bangladesh/,36,2022-01-25 04:47:34
Child marriage up 13% during Covid-19 pandemic in ...,"Mar 28, 2021 — Bangladesh witnessed a 13% increase in child marriages during the Covid-19 pandemic last year as the deadly virus massively affected societies ...",https://archive.dhakatribune.com/bangladesh/law-rights/2021/03/28/child-marriage-up-13-during-covid-19-pandemic-in-bangladesh,37,2022-01-25 04:47:34
Skills-Building Programs to Reduce Child Marriage in ...,by S Amin · 2018 · Cited by 33 — nity-based skills-building programs to delay child marriage among adolescent girls in rural Bangladesh. Methods: The study used a cluster randomized ...,https://www.jahonline.org/article/S1054-139X(18)30194-0/pdf,38,2022-01-25 04:47:34
Bangladesh child marriage law: Human rights groups ... - CNN,"Mar 3, 2017 — Girls under the age of 18 can be married off by their parents in undefined special circumstances under a new Bangladesh law passed this ...",https://www.cnn.com/2017/03/02/asia/bangladesh-child-marriage-law/index.html,39,2022-01-25 04:47:34
Can the COVID victims of child marriage get accountability?,"Nov 30, 2021 — The Joti Nari (Shining Women) Football team, Narail District, Bangladesh. Credit: Ricci Coughlan/DFID. Shorolika Parveen from Kurigram in ...",https://oxfamapps.org/fp2p/can-the-covid-victims-of-child-marriage-get-accountability/,40,2022-01-25 04:47:34
Marry before your house is swept away : child marriage in ...,"The report also describes failure by the Bangladesh government to take adequate steps to prevent child marriage. In 2014, Bangladesh's prime minister vowed ...",https://www.loc.gov/item/2015490062/,41,2022-01-25 04:47:34
Girls of Any Age Can Be Married in Bangladesh With New Law,A vague new child marriage law in Bangladesh invokes the parental permission loophole setting no minimum age for marriage — an astounding turn of events ...,https://www.globalcitizen.org/es/content/child-marriage-bangladesh-law/,42,2022-01-25 04:47:34
Early Marriage and Female Schooling in Bangladesh,"by E Field · 2006 · Cited by 594 — early marriage for girls in rural Bangladesh, an area with one of the highest rates of child marriage worldwide. Since it is also an environment of rapidly ...",https://wcfia.harvard.edu/files/wcfia/files/field_early.pdf,43,2022-01-25 04:47:34
Preventing early marriage in urban poor settlements in ...,"Child marriage among girls is most common in South Asia and sub-Saharan Africa, with Bangladesh having the highest rate of marriage involving girls under ...",https://www.idrc.ca/en/project/preventing-early-marriage-urban-poor-settlements-bangladesh,44,2022-01-25 04:47:34
Advocating Against Early Childhood Marriage in Bangladesh,"Child marriage is not uncommon in Bangladesh. In fact, 64% of all women aged 20-24 were married before the age of 18, according to Plan International.",https://www.fh.org/blog/early-childhood-marriage-in-bangladesh/,45,2022-01-25 04:47:34
The dangers of the new child marriage law in Bangladesh - Al ...,"Mar 4, 2017 — On February 27, the Bangladesh government passed a law that would allow for child marriage to occur in “special circumstances”.",https://www.aljazeera.com/opinions/2017/3/4/the-dangers-of-the-new-child-marriage-law-in-bangladesh,46,2022-01-25 04:47:34
Young changemakers building a Bangladesh free of child ...,"Jun 2, 2021 — Globally 23 girls under the age of 18 are married every minute, ... teenagers like herself to build a Bangladesh free of child marriage.",https://www.ashoka.org/en-us/event/wednesday-news-series-young-changemakers-building-bangladesh-free-child-marriage,47,2022-01-25 04:47:34
Child Marriage Around the world - ICRW | PASSION. PROOF ...,"More than half of the girls in Bangladesh, Mali, Mozambique and Niger are married before age 18. In these same countries, more than 75 percent of people ...",https://www.icrw.org/child-marriage-facts-and-figures/,48,2022-01-25 04:47:34
Education and Child Marriage in Bangladesh and Bolivia,"by E Lytle — However, the fact that the majority of girls in Bangladesh and just under a fifth of girls in Bolivia are married as children shows that the goal has not been ...",https://www.american.edu/cas/economics/ejournal/upload/lytle_accessible.pdf,49,2022-01-25 04:47:34
"Pandemic drives up child marriages in Bangladesh, puts ...","Jul 13, 2021 — Bangladesh has seen a rising trend in child marriages during the coronavirus pandemic, shattering the dreams of hundreds of young girls who ...",https://www.yenisafak.com/en/world/pandemic-drives-up-child-marriages-in-bangladesh-puts-education-dreams-on-hold-3576390,50,2022-01-25 04:47:34
(PDF) Child marriage in Bangladesh: Socio-legal analysis,"Ferdousi (2014) states that marriage penetrates into Bangladesh, with 64 percents of girls getting married before 18 year-age. Early pregnancy often becomes a ...",https://www.researchgate.net/publication/269679251_Child_marriage_in_Bangladesh_Socio-legal_analysis,51,2022-01-25 04:47:34
Decline in Child Marriage and Ch - jstor,"by SMM Kamal · 2012 · Cited by 88 — Bangladeshi women, using the 2007 Bangladesh Demographic and Health Survey data. Ch negative binomial Poisson regression and binary logistic regression were ...",https://www.jstor.org/stable/23500187,52,2022-01-25 04:47:34
Child Marriage and Adolescent Motherhood: A Nationwide ...,"by J Bhowmik · 2021 · Cited by 2 — In Bangladesh, a marriage is considered child marriage if the bride or groom is aged less than 18 years [21] and the new Child Marriage Restraint Bill 2017 ...",https://www.mdpi.com/1660-4601/18/8/4030/htm,53,2022-01-25 04:47:34
Child Marriage | The Daily Star,"Child Marriage. Child marriage · Bangladesh has highest prevalence of child marriage in South Asia: Unicef · Child marriage · Child marriages up in June: ...Oct 7, 2020 — While the prevalence of child marriage in Bangladesh has dropped from over 90 per cent in 1970, it remains very high: 51 percent women who are ...",https://www.thedailystar.net/tags/child-marriage,54,2022-01-25 04:47:34
Child Marriage in Bangladesh - BMET,Usually poverty in the families pushes them towards the decision to have girls married early. Factors driving child marriage. In Bangladesh the factors driving ...,http://www.old.bmet.gov.bd/BMET/resources/Static%20PDF%20and%20DOC/publication/Brief%20on%20Child%20Marriage%20in%20Bangladesh.pdf,55,2022-01-25 04:47:34
Can laws change attitudes and behaviours around child ...,"Mar 8, 2021 — Experimental evidence from Bangladesh ... In an effort to combat female child marriage, many governments in developing countries have ...",https://voxdev.org/topic/institutions-political-economy/can-laws-change-attitudes-and-behaviours-around-child-marriage-absence-strict-enforcement,56,2022-01-25 04:47:34
Empowering Girls to Delay Child Marriage in Bangladesh,"Empowering Girls to Delay Child Marriage in Bangladesh. The Bangladeshi Association for Life Skills, Income, and Knowledge for Adolescents (BALIKA) project ...",https://www.ungei.org/publication/empowering-girls-delay-child-marriage-bangladesh,57,2022-01-25 04:47:34
Child Forums in Bangladesh stop child marriages in their ...,"Oct 11, 2019 — Children in Bangladesh stop over 70 child marriages in their communities over two years. · 650 million girls and women alive today,[1] and 115 ...",https://www.wvi.org/newsroom/child-forums-bangladesh-stop-child-marriages-their-communities,58,2022-01-25 04:47:34
USAID Launches 'Actions to Prevent Child Marriage in ...,"Jul 29, 2021 — Bangladesh has made notable progress in curbing child marriage, where studies show that the proportion of girls who married before age 16 ...",https://bd.usembassy.gov/usaid-launches-actions-to-prevent-child-marriage-in-bangladesh-campaign/,59,2022-01-25 04:47:34
"""Lowering the marriage age in Bangladesh: a step in the ...","A few weeks ago, the Bangladeshi Cabinet approved proposals in the draft Child Marriage Restraint Act 2014 that would lower the minimum age of marriage for ...",https://www.girlsnotbrides.es/articulos/lowering-marriage-age-step-wrong-direction-kofi-annan-warns-bangladesh/,60,2022-01-25 04:47:34
Educating Girls and Countering Child Marriage in Bangladesh,"Aug 10, 2021 — Girls in Bangladesh are facing distinctive, detrimental effects linked to the COVID-19 emergencies. This brief focuses on specific ways in ...",https://berkleycenter.georgetown.edu/publications/educating-girls-and-countering-child-marriage-in-bangladesh-opportunities-for-faith-engagement,61,2022-01-25 04:47:34
Child Marriage in Bangladesh Photos | Image #21 - ABC News,"View Nasoin Akhter, 15, poses for a video on the day of her wedding to a 32-year-old man, Aug. 20, 2015 in Manikganj, Bangladesh. pictures and other Child ...",https://abcnews.go.com/International/photos/child-marriage-bangladesh-33291372/image-33291673,62,2022-01-25 04:47:34
Empowering Girls in Rural Bangladesh - Innovations for ...,Child marriage is correlated with negative health and education outcomes around the world. Researchers evaluated the impacts of a conditional incentive ...,https://www.poverty-action.org/study/empowering-girls-rural-bangladesh,63,2022-01-25 04:47:34
Marry Before Your House is Swept Away: Child marriage in ...,"Bangladesh has the world's fourth-highest rate of child marriage. According to UNICEF, 29% of girls during the period of 2005-2013 married before the age of ...",https://resourcecentre.savethechildren.net/library/marry-your-house-swept-away-child-marriage-bangladesh,64,2022-01-25 04:47:34
National Plan of Action launched to end child marriage in ...,"Aug 6, 2018 — The Ministry of Women and Children Affairs and UNICEF Bangladesh have jointly launched the National Plan of Action (NPA) aiming to end child ...",https://fp2030.org/news/national-plan-action-launched-end-child-marriage-bangladesh,65,2022-01-25 04:47:34
Early Marriage in Bangladesh: A Cross-Sectional Study ...,by A Talukder · 2020 · Cited by 12 — Child marriage is seemingly a social norm in Bangladesh (Islam & Mhamud). It is often thought that a girl acquires the status of an adult ...,https://vc.bridgew.edu/cgi/viewcontent.cgi?article=2210&context=jiws,66,2022-01-25 04:47:34
New data reveals increased pressure on teenage girls in ...,"Oct 11, 2020 — DHAKA, BANGLADESH — BRAC today released new data revealing the increased pressure on teenage girls in Bangladesh to submit to child marriage ...",https://bracusa.org/new-data-reveals-increased-pressure-on-girls-in-bangladesh/,67,2022-01-25 04:47:34
Child Marriage in Humanitarian Settings in South Asia,"In South Asia there are an estimated 285 million child brides. Fifty-nine per cent of women aged 20–24 in Bangladesh were married under the age of 18, 40.Bangladesh still has some of the highest rates of child marriage worldwide. More than half of all girls are married before the legal age of 18.",https://asiapacific.unfpa.org/en/publications/child-marriage-humanitarian-settings-south-asia,68,2022-01-25 04:47:34
Piloting L3M for Child Marriage: Experience in Monitoring ...,"In Bangladesh, early marriage remains a significant challenge. Despite the adoption of an Act on Minimum Age of Marriage, which specifies a minimum legal ...",https://www.hfgproject.org/piloting-l3m-child-marriage-experience-monitoring-results-equity-systems-mores-bangladesh/,69,2022-01-25 04:47:34
ENDING EARLY AND FORCED MARRIAGE - OHCHR,"In Bangladesh there is no minimum legal age of marriage, however under the Child Marriage. Restraint Act it is illegal for any female under the age of 18 and ...",https://www.ohchr.org/Documents/Issues/Women/WRGS/Earlyforcedmarriage/SG/ShabinaBegum.pdf,70,2022-01-25 04:47:34
Hello I Am – tackling child marriage in Bangladesh - BBC,Children should be children - not brides and grooms. Here's how we're working to prevent child marriage in Bangladesh.,https://www.bbc.co.uk/mediaaction/where-we-work/asia/bangladesh/Hello-I-Am-films/,71,2022-01-25 04:47:34
Causes and Effects of Child Marriage in Bangladesh,by MMH Patoari · 2020 · Cited by 1 — Child marriage is one of the social diseases in Bangladesh which is an obstacle to overall progress of the country. It is still remaining a strong social ...,https://www.richtmann.org/journal/index.php/ajis/article/view/10716/10337,72,2022-01-25 04:47:34
"Mobile app stops 3,700 child marriages | Plan International","May 7, 2018 — An innovative new app developed by the government of Bangladesh and Plan International is being rolled out across the country after stopping ...",https://plan-international.org/news/2018-05-07-mobile-app-stops-3700-child-marriages,73,2022-01-25 04:47:34
Trend of child marriage in Bangladesh: A reflection on ...,by RK Biswas · 2019 · Cited by 9 — These studies on child marriage in Bangladesh showed a grim picture where girls are married off at an early age due to the disadvantaged socio-economic status ...,https://www.sciencedirect.com/science/article/pii/S0190740918311113,74,2022-01-25 04:47:34
Child Marriage in Bangladesh: Policy and Ethics,by AT Arnab · 2020 · Cited by 2 — adhered in Bangladeshi Muslim culture. This study examines how the religious cultural and socio- economic realities influence child marriage practice in ...,https://www.banglajol.info/index.php/BIOETHICS/article/view/49193/35281,75,2022-01-25 04:47:34
Bangladesh's new child marriage law swings in the wrong ...,"Mar 8, 2017 — At the July 2014 Girl Summit in London, the Bangladesh government pledged to revise the country's Child Marriage Restraint Act. Its aim was to ...",https://theconversation.com/bangladeshs-new-child-marriage-law-swings-in-the-wrong-direction-72282,76,2022-01-25 04:47:34
"Age at marriage, women's education, and mother and child ...","by S Pimkina · 2018 — Adolescent girls in Bangladesh drop out of school at high rates, experience poor health, face restricted mobility and lack the ability to influence key ...",https://www.3ieimpact.org/sites/default/files/2019-01/IE%2068-Bangladesh-marriage.pdf,77,2022-01-25 04:47:34
Pandemic drives up the number of child brides by 13 per cent,"Jun 17, 2021 — Bangladesh is already one of the top 10 countries in the world in terms of child marriage with 51 per cent of brides aged under 18, this ...",https://www.asianews.it/news-en/Pandemic-drives-up-the-number-of-child-brides-by-13-per-cent-53442.html,78,2022-01-25 04:47:34
Forced Marriage Overseas: Bangladesh,Forced marriage is a significant problem in Bangladesh. Although the Child Marriage Restraint Act sets the age of consent for marriage at 18 years of age ...,https://preventforcedmarriage.org/forced-marriage-in-bangladesh/,79,2022-01-25 04:47:34
A scoping analysis of budget allocations for ending child ...,... interventions that potentially contribute towards ending child marriage. ... analysis of budget allocations for ending child marriage in Bangladesh.,https://socialprotection.org/discover/publications/scoping-analysis-budget-allocations-ending-child-marriage-bangladesh,80,2022-01-25 04:47:34
Building a Bangladesh free of child marriage | by Ashoka,"Jun 7, 2021 — Every minute, 23 girls under the age of 18 are married around the world, and the numbers have been rising during the pandemic. In Bangladesh ...",https://medium.com/change-maker/building-a-bangladesh-free-of-child-marriage-ed5e3a777d57,81,2022-01-25 04:47:34
Exploring Enhanced HFP to Reduce Child Marriage in ...,"Feb 17, 2021 — Ainul S, Bajrachrya A, Reichenbach L. Adolescents in Bangladesh: A Situation Analysis of Programmatic Approaches to Sexual and Reproductive ...",https://clinicaltrials.gov/ct2/show/NCT04758169,82,2022-01-25 04:47:34
"Child marriage, climate vulnerability and natural disasters in ...","by MN Asadullah · Cited by 3 — One study noted that during the flood season, when schooling is affected, adolescence girls are more vulnerable to early marriage in Bangladesh ...",https://www.cambridge.org/core/journals/journal-of-biosocial-science/article/child-marriage-climate-vulnerability-and-natural-disasters-in-coastal-bangladesh/724DF784537EBC63B99E5A21B8676A10,83,2022-01-25 04:47:34
Age at First Marriage of Women in Bangladesh - IntechOpen,"by MS Zahangir · 2021 — The legal age of women at first marriage is 18 years in Bangladesh, while the parliament of government has approved a new law called 'Child Marriage Restraint ...",https://www.intechopen.com/chapters/75431,84,2022-01-25 04:47:34
Power vs Money: Alternative Approaches to Reducing Child ...,by N Buchmann · 2018 · Cited by 50 — A clustered randomized trial in Bangladesh examines alternative strategies to reduce child marriage and teenage childbearing and increase girls' ...,https://www.povertyactionlab.org/sites/default/files/publications/Power-vs-Money-Working-Paper.pdf,85,2022-01-25 04:47:34
"Preventing Child, Early, and Forced Marriage in Bangladesh","by S Ferdous · 2019 · Cited by 1 — Most people in Bangladesh do not believe child marriage is a form of sexual violence. The country, however, has committed to eliminate CEFM by 2030, and the.",https://42kgab3z3i7s3rm1xf48rq44-wpengine.netdna-ssl.com/wp-content/uploads/2019/10/Oxfam-Bangladesh-Preventing-CEFM-Report.pdf,86,2022-01-25 04:47:34
Parents still not heeding child marriage warnings - The New ...,"According to UNICEF's 2011 State of the World's Children report, about a third of women in Bangladesh aged 20-24 are married by the age of 15, and 66 percent ...",https://www.thenewhumanitarian.org/fr/node/250365,87,2022-01-25 04:47:34
Education Helps Reduce Child Marriage in Bangladesh ...,"Programs that educate Bangladeshi girls, teach them about their rights, and build their skills for modern livelihoods can reduce child marriage in ...",https://philanthropynewsdigest.org/news/education-helps-reduce-child-marriage-in-bangladesh-study-finds,88,2022-01-25 04:47:34
Child Marriage in Bangladesh: Policy and Ethics - Semantic ...,"Sep 17, 2020 — Bangladesh is a Muslim-majority society with more than 163 million people. Most Bangladeshis hold the ideals of Islamic norms and values ...",https://www.semanticscholar.org/paper/Child-Marriage-in-Bangladesh%3A-Policy-and-Ethics-Arnab-Siraj/6127a6b21973528f649b521ff7bc2d914318b10a,89,2022-01-25 04:47:34
Bangladesh Weakens Longstanding Law Against Underage ...,"Feb 27, 2017 — A new provision in the Child Marriage Restraint Act, which dates to 1929, allows girls under the age of 18 to marry in some circumstances. The ...",https://www.nytimes.com/2017/02/27/world/asia/bangladesh-underage-marriage-law.html,90,2022-01-25 04:47:34
The Child Marriage Restraint Act In Bangladesh - SSRN Papers,by F Begum · 2019 — A new law has been enacted in Bangladesh to prevent children from getting married which has contributed to child marriage to take place in ...,https://papers.ssrn.com/sol3/papers.cfm?abstract_id=3359256,91,2022-01-25 04:47:34
What is driving the increase in child marriage in Bangladesh?,"Apr 7, 2016 — Bangladesh has one of the highest rates of female child marriage anywhere in the world. According to a recent estimate, 39% of Bangladeshi ...",https://www.opendemocracy.net/en/5050/bangladesh-debating-child-marriage-law-and-patriarchal-traditi/,92,2022-01-25 04:47:34
Is the law enough to end child marriage?,"Nov 8, 2019 — To meet the UN's Sustainable Development Goals (SDGs) campaign to end child marriage (target 5.3), the Bangladesh parliament passed the 2017 ...",https://blogs.lse.ac.uk/internationaldevelopment/2019/11/08/is-the-law-enough-to-end-child-marriage/,93,2022-01-25 04:47:34
Incentive Program Reduces Child Marriage in Bangladesh,"Jul 28, 2017 — Conducted in rural, southern Bangladesh, the country with the second-highest child marriage rate in the world, researchers built an incentive ...",https://borgenproject.org/incentive-program-reduces-child-marriage-in-bangladesh/,94,2022-01-25 04:47:34
Early Marriage in Bangladesh | Wikigender,"Bangladesh has one of the world's highest rates of early marriage. According to United NationsICEF figures, 66% of Bangladeshi girls are marriage before the ...",https://www.wikigender.org/wiki/early-marriage-in-bangladesh/,95,2022-01-25 04:47:34
Child marriage: historical reality around the globe and in ...,"by MAK Chowdhury · 2018 · Cited by 3 — This is more prevalent in developing countries including Bangladesh. Although the uni- versal age for the marriage of women is 18 years, the girls get married ...",https://archivesofpsychology.org/index.php/aop/article/download/80/153,96,2022-01-25 04:47:34
"""Lowering the marriage age in Bangladesh: a step in the ...",,"https://www.girlsnotbrides.org/articles/lowering-marriage-age-step-wrong-direction-kofi-annan-warns-bangladesh/#:~:text=When%20girls%20marry%20as%20children,of%20their%20family%20is%20severe.&text=Their%20children%2C%20too%2C%20are%20more,to%20mothers%20in%20their%2020s.",0,2022-01-25 04:48:50
Persistence of child marriage in rural Bangladesh and impact ...,by KH Lee · 2021 — The estimated time between first marriage and pregnancy did not differ ... contribute to Bangladesh's commitment to reduce child mortality.,https://www.medrxiv.org/content/10.1101/2021.09.06.21263190v1.full,1,2022-01-25 04:48:50
Adolescent mothers 20 percent of maternal deaths - The ...,"Jan 11, 2020 — A high child marriage rate is fueling the death rate of adolescent mothers – hindering achieving the 2030 SDGs deadline.",https://www.tbsnews.net/bangladesh/health/adolescent-mothers-20-percent-maternal-deaths-35617,2,2022-01-25 04:48:50
Impacts on Maternal Health in Bangladesh - Every Mother ...,Gender Inequality and Child Marriages Drive Maternal Deaths: The practice of early unions and child marriage is responsible for a large percentage of ...,https://everymothercounts.org/grants/bangladesh-a-deeper-dive/,3,2022-01-25 04:48:50
Decline in Child Marriage and Changes in Its Effect on ... - NCBI,"by SMM Kamal · 2012 · Cited by 88 — Key words: Age at first birth, Child marriage, Child mortality, Induced abortion, Reproductive outcomes, Unintended pregnancy, Bangladesh.",https://www.ncbi.nlm.nih.gov/pmc/articles/PMC3489948/,4,2022-01-25 04:48:50
The effect of maternal child marriage on morbidity ... - The BMJ,by A Raj · 2010 · Cited by 275 — Alam N. Teenage motherhood and infant mortality in Bangladesh: maternal age-dependent effect of parity one. J Biosoc Sci 2000;32: ...,https://www.bmj.com/content/340/bmj.b4258,5,2022-01-25 04:48:50
early childbirth and under-five mortality in bangladesh - World ...,"Child Marriage Series with Education Global Practice. Page 1. Early childbirth is associated with health risks for children, including under-five mortality.",https://documents.worldbank.org/curated/en/969001511355207175/pdf/BRI-HNPBriefBangladeshMortality-PUBLIC.pdf,6,2022-01-25 04:48:50
How One Country Drastically Cut Its Newborn Death Rate - NPR,"Feb 25, 2018 — A major reason for the high rate of premature babies is the persistence of child marriage and early marriage in Bangladesh. Girls in their teens ...",https://www.npr.org/sections/goatsandsoda/2018/02/25/587692950/how-one-country-drastically-cut-its-newborn-death-rate,7,2022-01-25 04:48:50
Decline in Child Marriage and Ch - jstor,by SMM Kamal · 2012 · Cited by 88 — Key words: Age at first birth; Child marriage; Child mortality; Induced abortion; Reproducti. Unintended pregnancy; Bangladesh. INTRODUCTION Child marriage ...,https://www.jstor.org/stable/23500187,8,2022-01-25 04:48:50
Marry Before Your House is Swept Away - Human Rights Watch,"Jun 9, 2015 — Bangladesh Government Responses to Child Marriage ... Maternal mortality declined by 40 percent between 2001 and 2010. Bangladesh's success ...Jun 9, 2015 — Bangladesh has the highest rate of child marriage of girls under the age of ... consequences including death as a result of early pregnancy, ...",https://www.hrw.org/report/2015/06/09/marry-your-house-swept-away/child-marriage-bangladesh,9,2022-01-25 04:48:50
Too young to marry - The New Humanitarian,"Jul 31, 2009 — Too many teenage girls are getting married in Bangladesh today, ... In fact, research shows that the risk of maternal mortality could be ...",https://www.thenewhumanitarian.org/news/2009/07/31/too-young-marry,10,2022-01-25 04:48:50
Child Marriage Around the world - ICRW | PASSION. PROOF ...,Health and Child Marriage. Pregnancy is consistently among the leading causes of death for girls ages 15 to 19 worldwide. Child brides often face a higher ...,https://www.icrw.org/child-marriage-facts-and-figures/,11,2022-01-25 04:48:50
child-marriage-HIV-infant-mortality-and-maternal-health-Raj ...,"by A Raj · 2013 · Cited by 163 — Girl Child Marriage and Its. Association With National. Rates of HIV, Maternal. Health, and Infant Mortality. Across 97 Countries.",https://cdn.icmec.org/wp-content/uploads/2020/07/child-marriage-HIV-infant-mortality-and-maternal-health-Raj-2013.pdf,12,2022-01-25 04:48:50
More than 140 million girls will marry between 2011 and 2020,"If current levels of child marriages hold, 14.2 million girls annually or ... “Complications of pregnancy and childbirth are the leading cause of death in ...",https://www.un.org/youthenvoy/2013/09/child-marriages-39000-every-day-more-than-140-million-girls-will-marry-between-2011-and-2020/,13,2022-01-25 04:48:50
10 million additional girls at risk of child marriage due to ...,"With 25 million child marriages averted in the last decade, UNICEF issues ... service disruptions, pregnancy, and parental deaths due to the pandemic are ...",https://www.unicef.org/press-releases/10-million-additional-girls-risk-child-marriage-due-covid-19,14,2022-01-25 04:48:50
Sociocultural factors perpetuating the practices of early ...,"by EG Henry · 2015 · Cited by 26 — The practice of adolescent marriage continues in communities ... The lifetime risk of maternal death in Bangladesh is 1 in every 170 women, ...",https://academic.oup.com/inthealth/article/7/3/212/791465,15,2022-01-25 04:48:50
IMAGINE - Delaying First Births Among Married Adolescents,"Ninety percent of adolescent pregnancies in the global South are to married girls, and complications from pregnancy and childbirth are a leading cause of death ...",https://www.care.org/our-work/health/adolescent-health/imagine/,16,2022-01-25 04:48:50
Event: Reducing Maternal Mortality By Ending Child Marriage,28 August 2017 - UNFPA Bangladesh and the Bangladesh Parliament Secretariat jointly organized a local-level consultation meeting at Pirganj Upazila of ...,https://bangladesh.unfpa.org/en/news/event-reducing-maternal-mortality-ending-child-marriage,17,2022-01-25 04:48:50
BANGLADESH - WHO | World Health Organization,"MDG 4 and 5a to reduce child and maternal mortality in the face of many socioeconomic challenges. ... Bangladesh, a large proportion of marriages still take.Jul 10, 2020 — Country has dedicated child rights/welfare act or law ... (Host: UN Maternal Mortality Estimation Inter-agency Group (MMEIG)).",https://www.who.int/pmnch/knowledge/publications/bangladesh.pdf,18,2022-01-25 04:48:50
BANGLADESH - WHO | World Health Organization,"MDG 4 and 5a to reduce child and maternal mortality in the face of many socioeconomic challenges. ... Bangladesh, a large proportion of marriages still take.",https://www.who.int/pmnch/knowledge/publications/bangladesh.pdf,19,2022-01-25 04:48:50
Theory of Change: Ending Child Marriage in Bangladesh,"Nearly all groups linked early marriage with high maternal morbidity and mortality rates. Specifically, girls married at young ages are more likely to ...",https://reliefweb.int/sites/reliefweb.int/files/resources/Theory%20of%20Change-F-8%20%282%29.pdf,20,2022-01-25 04:48:50
Prevalence of child marriage and its impact on fertility ...,"by S Yaya · 2019 · Cited by 45 — This study explores the prevalence of child marriage among women aged 20–24 ... reproductive health, maternal and child health, mortality, ...",https://bmcinthealthhumrights.biomedcentral.com/articles/10.1186/s12914-019-0219-1,21,2022-01-25 04:48:50
Child Marriage and Adolescent Motherhood: A Nationwide ...,by J Bhowmik · 2021 · Cited by 2 — The child marriage rate in Bangladesh gradually declined from 66% in 2014 to ... J.G. The effect of maternal child marriage on morbidity and mortality of ...,https://www.mdpi.com/1660-4601/18/8/4030/htm,22,2022-01-25 04:48:50
Ending Impunity for Child Marriage in Bangladesh: - Center for ...,"2017 CMRA Child Marriage Restraint Act, 2017. BANGLADESH PENAL CODE Penal Code. BDRA Births and Deaths Registration Act, 2004. BDT Bangladeshi Taka.",https://www.reproductiverights.org/sites/crr.civicactions.net/files/documents/64829505_ending_impunity_for_child_marriage_bangladesh_2018_final-web.pdf,23,2022-01-25 04:48:50
Trends and projections of under-5 mortality in Bangladesh ...,by MA Khan · 2021 · Cited by 3 — This study also found that maternal high-risk fertility behaviours ... forms of child mortality (per 1000 live births) in Bangladesh using ...,https://journals.plos.org/plosone/article?id=10.1371/journal.pone.0246210,24,2022-01-25 04:48:50
Are We Aware of the Health of Our Mothers? - World Youth ...,"May 14, 2021 — It is unfortunate that in Bangladesh, the maternal mortality rate was ... Amid this pandemic has fueled up the rate of child marriage in the ...",https://www.wya.net/op-ed/are-we-aware-of-the-health-of-our-mothers/,25,2022-01-25 04:48:50
Ending child marriage can improve maternal health worldwide,"See how ending early, child and forced marriage can protect the rights of millions of girls, and reduce maternal mortality in developing countries.",https://plancanada.ca/stories/ending-child-marriage-can-improve-maternal-health-worldwide,26,2022-01-25 04:48:50
Bangladesh Weakens Longstanding Law Against Underage ...,"Feb 27, 2017 — ... roll back efforts to curtail teenage pregnancy and maternal and infant mortality in a nation with already-high rates of child marriage.",https://www.nytimes.com/2017/02/27/world/asia/bangladesh-underage-marriage-law.html,27,2022-01-25 04:48:50
EARLY MARRIAGE - UNICEF Innocenti,by C SPOUSES · Cited by 1 — less reports of complications and even death in pregnancy and childbirth of wives too young to safely bear children. I have seen child wives who should be ...,https://www.unicef-irc.org/publications/pdf/digest7e.pdf,28,2022-01-25 04:48:50
"Illegitimate Births in Gloucester, Ma, 1855 - 1894","A child is considered illegitimate when it is conceived and born outside of the ... from the official records (marriage, death and census) is not apparent, ...",http://gloucester-ma.gov/DocumentCenter/View/5054,29,2022-01-25 04:48:50
Child Brides at Funerals,"Oct 28, 2013 — In Bangladesh, only the short inter-pregnancy interval was linked to infant mortality while in Nepal, only young motherhood was associated ...",https://ucsdnews.ucsd.edu/pressrelease/child_brides_at_funerals,30,2022-01-25 04:48:50
Radha escaped child marriage. Now she's a girls' rights leader,"However, in reality, early or forced marriage can lead to physical and sexual violence, premature pregnancy, and death during childbirth. Bangladesh has the ...",https://plan-international.org/bangladesh/radha-escaped-child-marriage-now-girls-rights-leader,31,2022-01-25 04:48:50
"Child marriage, maternal serum metal exposure, and risk of ...","by H Huang · 2021 · Cited by 2 — Background The prevalence of preterm birth in Bangladesh is estimated to be 19.1%, the highest in the world. Although prenatal exposure to ...",https://www.nature.com/articles/s41370-021-00319-3.pdf?origin=ppub,32,2022-01-25 04:48:50
Bangladesh 'Golden Girls' Guard Maternal Safety - Women's ...,"Jan 19, 2015 — Akhtar, whose elder sister died young during childbirth, ... understood the links between early marriage, motherhood and maternal mortality.",https://womensenews.org/2015/01/21694/,33,2022-01-25 04:48:50
Frontiers | Women's Marriage Age Matters for Public Health,by AA Marphatia · 2017 · Cited by 100 — Young mothers are particularly vulnerable to pregnancy-related morbidity such as death from eclampsia (57). There are a number of reasons why ...,https://www.frontiersin.org/articles/10.3389/fpubh.2017.00269/full,34,2022-01-25 04:48:50
"Child Marriages, Girls' Deaths | Global Health NOW","Oct 12, 2021 — Pregnancy and childbirth resulting from child marriage kills more than 60 girls a day—~22000 a year, according to a new analy.",https://www.globalhealthnow.org/2021-10/child-marriages-girls-deaths,35,2022-01-25 04:48:50
(PDF) Decline in Child Marriage and Changes in Its Effect on ...,"S. M. Mostafa Kamal at Islamic University (Bangladesh). S. M. Mostafa Kamal ... young children, childhood mortality, maternal and.",https://www.researchgate.net/publication/232526312_Decline_in_Child_Marriage_and_Changes_in_Its_Effect_on_Reproductive_Outcomes_in_Bangladesh,36,2022-01-25 04:48:50
"Birth, death and marriage abroad - Bangladesh - GOV.UK","Includes how to get married, list of funeral directors and how to register a birth abroad.",https://www.gov.uk/world/birth-death-and-marriage-abroad-bangladesh,37,2022-01-25 04:48:50
Child Marriage and Maternal Health: An Analysis of ...,by RP Barman · 2019 · Cited by 1 — Child Marriage and Maternal Health: An Analysis of Experienced Women in Northern Bangladesh. Ram Proshad Barman Begum Rokeya University.,https://abc.us.org/ojs/index.php/abcra/article/view/261,38,2022-01-25 04:48:50
Fact Sheet on Child Marriage | PRB - Population Reference ...,"In Mali, Bangladesh, and parts of India, one in five girls is married by 15. ... Childbirth complications are the leading cause of death for girls ages 15 ...",https://www.prb.org/resources/fact-sheet-on-child-marriage/,39,2022-01-25 04:48:50
Bangladesh Maternal Mortality and Health Care Survey 2010,"The survey was carried out in a national sample of 175,000 households, interviewing ever-married women 13 to 49, as well as investigating any deaths to women of ...",https://www.measureevaluation.org/resources/publications/tr-12-87.html,40,2022-01-25 04:48:50
Child marriage kills more than 60 girls a day,"Oct 11, 2021 — OUAGADOUGOU, 11 October – More than an estimated 22000 girls a year are dying from pregnancy and childbirth resulting from child marriage, ...",https://lac.savethechildren.net/news/child-marriage-kills-more-60-girls-day,41,2022-01-25 04:48:50
Factors That Determine the Likelihood of Giving Birth to the ...,"by AK Iddrisu · Cited by 2 — Too much delay in childbirth after marriage or the likelihood that one ... religion, place of residence, and child mortality experience.",https://www.hindawi.com/journals/jp/2020/4675907/,42,2022-01-25 04:48:50
Factors affecting child marriage and contraceptive use among ...,by MM Islam · 2021 · Cited by 3 — Interpretation: Girl child marriage is common in Rohingya camps. ... pregnancy and childbirth are the leading cause of death in young women ...,https://www.thelancet.com/journals/lanwpc/article/PIIS2666-6065(21)00084-5/fulltext,43,2022-01-25 04:48:50
Reducing child marriage and increasing girls' schooling in ...,"by N Buchmann · 2017 · Cited by 1 — education, higher fertility and mortality rates, and poor health among adolescent mothers and their children. According to the Bangladesh Demographic and ...",https://idl-bnc-idrc.dspacedirect.org/bitstream/handle/10625/56362/IDL-56362.pdf?sequence=2&isAllowed=y,44,2022-01-25 04:48:50
A Pledge to End Child Marriage in Bangladesh - Johns ...,"Jul 19, 2021 — In Bangladesh, more than half the girls are illegally married before their ... suffer higher rates of maternal mortality and morbidity and ...",https://ccp.jhu.edu/2021/07/19/early-marriage-bangladesh-pledge/,45,2022-01-25 04:48:50
Child marriage: historical reality around the globe and in ...,by MAK Chowdhury · 2018 · Cited by 3 — pects regarding child marriage; Recommendations; Bangladesh;. REVIEW ARTICLE ... maternal death in poor countries for this age group [34].,https://archivesofpsychology.org/index.php/aop/article/download/80/153,46,2022-01-25 04:48:50
Child marriage - Wikipedia,"One of the most common causes of death for girls aged 15 to 19 in developing countries was pregnancy and childbirth. In Niger, which is estimated to have the ...",https://en.wikipedia.org/wiki/Child_marriage,47,2022-01-25 04:48:50
Child Marriage Foes Denounce Proposed Law in Bangladesh,"Jun 11, 2015 — Early marriage is linked to maternal deaths and low education when girls drop out of school. Girls between the ages of 10 to 14 years old are ...",https://www.voanews.com/a/child-marriage-foes-denounce-proposed-law-in-bangladesh/2817296.html,48,2022-01-25 04:48:50
"Too Young to Wed: the Lives, Rights and Health of ... - IssueLab","by S Mathur · 2003 · Cited by 19 — Too Young to Wed: The Lives, Rights, and Health of Young Married Girls higher among younger than older women. In. Mali, for example, the maternal mortality ...",https://www.issuelab.org/resources/11421/11421.pdf,49,2022-01-25 04:48:50
Maternal and Reproductive Health | Save the Children,Ninety-four percent of these deaths occur in low and lower middle-income ... safer pregnancies could prevent 1 in 3 maternal deaths and 1 in 5 child deaths.,https://www.savethechildren.org/us/what-we-do/health/maternal-and-reproductive-health,50,2022-01-25 04:48:50
Girl Child Marriage and Its Association With National Rates of ...,by A Raj · 2013 · Cited by 164 — Do adolescents support early marriage in Bangladesh? ... The effect of maternal child marriage on morbidity and mortality of children under 5 in India.,https://journals.sagepub.com/doi/abs/10.1177/1077801213487747,51,2022-01-25 04:48:50
Child and Infant Mortality - Our World in Data,"by M Roser · 2013 · Cited by 62 — Pneumonia is the most common cause of death, preterm births and neonatal ... today the average married woman probably saw more than 4 of her children die.",https://ourworldindata.org/child-mortality,52,2022-01-25 04:48:50
Ending Preventable Maternal Mortality - USAID,"ment to end preventable child and maternal death by 2035. Across the world, mothers give and ... Despite poverty and other challenges, Bangladesh has.",https://www.usaid.gov/sites/default/files/documents/1864/MCHVision.pdf,53,2022-01-25 04:48:50
Marked improvements in maternal and child health in ...,"Feb 4, 2013 — Child Health: Child survival is improving substantially in Bangladesh. Under-five mortality has dropped from 133 to 53 deaths per 1,000 live ...",https://dhsprogram.com/Who-We-Are/News-Room/Marked-improvements-in-maternal-and-child-health-in-Bangladesh.cfm,54,2022-01-25 04:48:50
Causes of Early Marriage and Its Effect on Reproductive ...,"Nov 25, 2019 — Bangladesh has the fourth highest prevalence rate of child ... Outcomes, Maternal Mortality ... Child Marriage Situation in Bangladesh.",https://thescipub.com/pdf/ajassp.2019.289.297.pdf,55,2022-01-25 04:48:50
Why do women still die giving birth? | Maternal mortality - The ...,"Sep 24, 2018 — UN member states have signed a resolution to end child marriage but, each year, 7.3 million babies are born to mothers under the age of 18, and ...",https://www.theguardian.com/global-development/2018/sep/24/why-do-women-still-die-giving-birth,56,2022-01-25 04:48:50
Early marriage creates health complications for mothers - The ...,"Feb 23, 2019 — Following her early marriage and pregnancy, her nightmare started when ... child mortality rate has reduced by 73 per cent in Bangladesh.",https://thefinancialexpress.com.bd/public/index.php/health/early-marriage-creates-health-complications-for-mothers-physicians-1550918768,57,2022-01-25 04:48:50
More than 140 million girls will marry between 2011 and 2020,"Mar 7, 2013 — If current levels of child marriages hold, 14.2 million girls ... of pregnancy and childbirth are the leading cause of death in young women ...",https://www.unwomen.org/en/news/stories/2013/3/child-marriages-39000-every-day-more-than-140-million-girls-will-marry-between-2011-and-2020,58,2022-01-25 04:48:50
"An Index to Births, Marriages, and Deaths found in select ...","Births, Deaths, and Marriages Found in Select Buffalo and Erie County ... child of J. L. Beach & Laura ... B. D.. D abt 12/01/1913 nmd: Frank B. Bird.",https://www.buffalolib.org/sites/default/files/special-collections/guides/Births%20Deaths%20and%20Marriages%20Found%20in%20Local%20Publications.pdf,59,2022-01-25 04:48:50
Maternal Health Review Bangladesh - GOV.UK,"by SA Rahman · Cited by 18 — Of the total maternal deaths, 69% are due to direct obstetric causes, ... reproductive health needs of the young and the newly married (Kane et al., 1997b).",https://assets.publishing.service.gov.uk/media/57a08cf4ed915d622c0016a7/02-03_bangladesh.pdf,60,2022-01-25 04:48:50
"Menstrual Regulation, Unsafe Abortion and Maternal Health in ...",by I BriefSeries — Maternal mortality has declined considerably in Bangladesh ... child. Client too young. No consent from husband. Client not married.,https://www.guttmacher.org/sites/default/files/report_pdf/ib-bangladesh-mr_0.pdf,61,2022-01-25 04:48:50
Birth and Death Certificates - Oklahoma Vital Records,Oklahoma Vital Records maintains the records for births and deaths that occurred in the state of Oklahoma. ... Marriage & Divorce Records.,https://oklahoma.gov/health/birth-and-death-certificates.html,62,2022-01-25 04:48:50
Cultural Barriers To Maternal Health Care In Rural Bangladesh,"by DPT Walton · 2013 · Cited by 20 — Keywords: Postpartum, Maternal Health, Morbidity, Mortality, Bangladesh ... kin and young age of marriage (average age is 13.5 years old), there remains a ...",https://aquila.usm.edu/cgi/viewcontent.cgi?article=1043&context=ojhe,63,2022-01-25 04:48:50
Having Another Child Would Be a Life or Death Situation for Her,"by JD Gipson · 2008 · Cited by 44 — Objectives. We conducted a mixed-method study in rural southwestern Bangladesh, a country in which an estimated 730 000 elective pregnancy ...",https://ajph.aphapublications.org/doi/10.2105/AJPH.2007.129262,64,2022-01-25 04:48:50
Steps to reducing child marriage in Bangladesh - Latest ...,"When girls marry as children, the impact on their health is severe. Complications in pregnancy and childbirth are among the leading causes of death in young ...",https://www.childrenontheedge.org/latest-stories/-steps-to-reducing-child-marriage-in-bangladesh,65,2022-01-25 04:48:50
Too Young to Wed Child Marriage in Bangladesh 101 East,,https://www.youtube.com/watch?v=gNBM8sz0iqA,66,2022-01-25 04:48:50
'Girls are the world's forgotten population': Nine facts about ...,"Aug 1, 2013 — In developing countries, where almost all child marriages take place, complications from pregnancy and childbirth are the No. 1 cause of death ...",https://www.washingtonpost.com/news/worldviews/wp/2013/08/01/girls-are-the-worlds-forgotten-population-nine-facts-about-child-brides/,67,2022-01-25 04:48:50
"CHAPTER 2 - Maternal, Infant, and Child Health - Mass.gov",Infant mortality refers to the death of an infant prior to one year of age. The infant mortality rate (IMR) is calculated as the number of infant deaths per ...,https://www.mass.gov/doc/chapter-2-maternal-infant-and-child-health/download,68,2022-01-25 04:48:50
"Age at marriage, women's education, and mother and child ...",by S Pimkina · 2018 — incentive program to reduce child marriage in rural Bangladesh. ... pregnancy and delivery are a leading cause of death among girls aged 15–19. Maternal.,https://www.3ieimpact.org/sites/default/files/2019-01/IE%2068-Bangladesh-marriage.pdf,69,2022-01-25 04:48:50
Bangladesh: Information on the situation of women who have ...,"Jun 25, 2001 — ""Bangladesh has laws that stipulate death penalty and a minimum seven years ... A married woman who bears a child out of wedlock would be in ...",https://www.refworld.org/docid/3deccc004.html,70,2022-01-25 04:48:50
"1 October 3, 2016 Committee on the Elimination of ...","Oct 3, 2016 — child marriage to persist in Bangladesh in violation of CEDAW. ... to be commended for the enactment of the Births and Deaths Registration ...",https://tbinternet.ohchr.org/Treaties/CEDAW/Shared%20Documents/BGD/INT_CEDAW_NGO_BGD_25422_E.pdf,71,2022-01-25 04:48:50
Maternal Experiences of Intimate Partner Violence and Child ...,by JG Silverman · 2009 · Cited by 91 — Conclusions Large numbers of married Bangladeshi women with young ... maternal experiences of IPV and major sources of child mortality.,https://jamanetwork.com/journals/jamapediatrics/fullarticle/381893,72,2022-01-25 04:48:50
Effect of Maternal Mortality on Survival of Under-five Children,"by A Razzaque · Cited by 15 — Preference for son to daughter exists among Bangladeshi couple: the index child can suffer in day-to-day care in absence of the mother, and the suffering is ...",https://paa2012.princeton.edu/papers/120545,73,2022-01-25 04:48:50
Child marriage in Bangladesh: trends and determinants.,"Muslim women living in rural areas have a greater risk of child marriage. ... at first marriage is an important demographic event affecting births, deaths, ...",https://www.semanticscholar.org/paper/Child-marriage-in-Bangladesh%3A-trends-and-Kamal-Hassan/75cb166dfbe6a85dfbfc385b326499374c0974ef,74,2022-01-25 04:48:50
"addressing child, early and forced marriage in Nyal, South ...","Feb 18, 2019 — 'Born to be married': addressing child, early and forced marriage in ... risk of death or complications during pregnancy and childbirth in a ...",https://www.oxfam.org/en/research/born-be-married-addressing-child-early-and-forced-marriage-nyal-south-sudan,75,2022-01-25 04:48:50
Alternative Approaches to Reducing Child Marriage in ...,"by N Buchmann · 2018 · Cited by 50 — child marriage and teenage childbearing and increase girls' education. ... In Bangladesh, the infant mortality rate is 86 per 1,000 births ...",https://www.povertyactionlab.org/sites/default/files/research-paper/Power-vs-Money-Working-Paper.pdf,76,2022-01-25 04:48:50
Malawi says No to Child Marriage - The Hunger Project Global ...,"Apr 24, 2015 — Child marriage is a human rights violation. ... teenage pregnancy accounts for 20 to 30 percent of maternal deaths in Malawi.",https://advocacy.thp.org/2015/04/malawi-says-no-to-child-marriage/,77,2022-01-25 04:48:50
Decline in Child Marriage and Changes in Its Effect on ...,by SM Kamal · Cited by 88 — Key words: Age at first birth; Child marriage; Child mortality; Induced abortion; Reproductive outcomes;. Unintended pregnancy; Bangladesh. INTRODUCTION.,http://www.bioline.org.br/pdf?hn12038,78,2022-01-25 04:48:50
Lowering the marriage age: a step in the wrong direction - The ...,"Nov 2, 2014 — For more information on child marriage in Bangladesh, ... Complications in pregnancy and childbirth are among the leading causes of death in ...",https://theelders.org/news/lowering-marriage-age-step-wrong-direction,79,2022-01-25 04:48:50
Vital Statistics of New York State,"The New York State Bureau of Vital Records maintains a registry of all births, marriages, divorces/dissolutions of marriage, deaths, induced termination of ...",https://www.health.ny.gov/statistics/vital_statistics/,80,2022-01-25 04:48:50
Maternal mortality rate to fall with decline in child marriage,"May 29, 2019 — New Age, a Dhaka-based leading English language daily newspaper, is a major source of news of Bangladesh and international affairs.",https://www.newagebd.net/article/73840/onelink.to/onelink.to/index.php,81,2022-01-25 04:48:50
"Maternal, Newborn & Child Health - Gates Foundation","Maternal and newborn deaths have fallen in recent decades, but progress ... A mother in Bangladesh feeding her child solid food to complement breastfeeding.",https://www.gatesfoundation.org/our-work/programs/global-development/maternal-newborn-and-child-health,82,2022-01-25 04:48:50
Maternal causes behind 13pc deaths - The Daily Star,"Jun 19, 2019 — The study styled “Bangladesh Maternal Mortality and Health Care Survey ... A total of 298,284 households and 321,214 married women were ...",https://www.thedailystar.net/backpage/bangladesh-maternal-mortality-rate-is-thirteen-percent-survey-says-1759075,83,2022-01-25 04:48:50
Bangladesh | Child Marriages on Vimeo,,https://vimeo.com/142011993,84,2022-01-25 04:48:50
Bangladesh child marriage: New law will 'reduce minimum ...,"The Child Marriage Restraint Bill keeps the legal age of marriage as 18 ... Bangladesh, said underage marriage increases maternal mortality ...",https://www.independent.co.uk/news/world/asia/bangladesh-child-marriage-law-minimum-age-zero-reduce-baby-marital-unicef-un-a7619051.html,85,2022-01-25 04:48:50
Adolescent Maternal Mortality: An Overlooked Crisis,childbirth.1 Pregnancy is the leading cause of death for young women ages 15 ... Niger—where child marriage is prevalent—half of all teen women give birth ...,https://www.advocatesforyouth.org/wp-content/uploads/storage/advfy/documents/fsmaternal.pdf,86,2022-01-25 04:48:50
101 East - Too Young to Wed: Child Marriage in Bangladesh,,https://www.dailymotion.com/video/x3mj6dk,87,2022-01-25 04:48:50
Untitled,"Young women were married almost as soon as they were physically ready, ... According to the latest 2007 Bangladesh Demographic and Health Survey (BDHS), ...",http://vascern.eu/cz8xafr/average-age-of-marriage-in-india-for-female.html,88,2022-01-25 04:48:50
Bangladesh's underage brides | News | Al Jazeera,"Nov 20, 2009 — However, child marriage remains a widely accepted practice. ... Pregnancy-related deaths are the leading cause of mortality for girls aged ...",https://www.aljazeera.com/news/2009/11/20/bangladeshs-underage-brides,89,2022-01-25 04:48:50
Bangladesh Maternal Health Rights - White Ribbon Alliance,"Since 2005, White Ribbon Alliance Bangladesh has advanced maternal and newborn health across the country to ensure that no woman dies from preventable ...",https://www.whiteribbonalliance.org/wrabangladesh/,90,2022-01-25 04:48:50
The 'saddest bride I have ever seen': Child marriage still ...,"Aug 30, 2015 — ""Child marriage around the world is associated with many harmful ... Even though Bangladesh has reduced poverty and maternal mortality, ...",https://www.stuff.co.nz/world/asia/71568664/the-saddest-bride-i-have-ever-seen-child-marriage-still-popular-in-bangladesh,91,2022-01-25 04:48:50
"How Science Conquered Diphtheria, the Plague Among ...","And children who survived generally went on to die young, he wrote from his ... wives to complications from pregnancy and childbirth, Abraham Jacobi married ...",https://www.smithsonianmag.com/science-nature/science-diphtheria-plague-among-children-180978572/,92,2022-01-25 04:48:50
Bangladesh's fight against child marriage is stymied ... - Firstpost,"Mar 15, 2017 — In the fight against child marriage, Bangladesh, a south Asian country deeply riddled by poverty yet one that is taking quick strides in ...",http://www.firstpost.com/world/bangladeshs-fight-against-child-marriage-is-stymied-by-child-marriage-restraint-act-2017-3331070.html,93,2022-01-25 04:48:50
How a child bride died 34 days after marriage | Dhaka Tribune,"Oct 27, 2020 — All Rights Reserved. 8/C, FR Tower, Panthapath, Dhaka 1207, Bangladesh. Kazi Anis Ahmed, Publisher. 50.",https://archive.dhakatribune.com/bangladesh/crime/2020/10/27/how-a-child-bride-died-34-days-after-marriage,94,2022-01-25 04:48:50
Untitled,"Most young girls grow up fantasizing about dating and marrying someone within ... 2019 Statistics – Births, Deaths, Marriages and Civil Unions. families are ...",https://barber-spb.ru/hnzoi/marriage-statistics-2019-by-race.html,95,2022-01-25 04:48:50
"Bonita Stanton, founding dean of Hackensack Meridian School","4 days ago — Dr. Bonita Stanton's work as a pediatrician in Bangladesh shaped her ... founding dean of Hackensack Meridian School of Medicine, dies at 70.",https://www.northjersey.com/story/news/new-jersey/2022/01/20/bonita-stanton-obituary-hackensack-meridian-medical-school-dies-70/6583491001/,96,2022-01-25 04:48:50
Untitled,"Australian death notices, funeral notices, obituaries and funeral directors across Australia can ... births, anniversaries and marriages at family-notices.",https://porcupinepub.com/yzcyia/funeral-notices-in-derbyshire.html,97,2022-01-25 04:48:50
Adolescents' Reproductive Health in Rural Bangladesh: The ...,"Historically, mean age at first marriage has been low in Bangladesh: for instance, ... Pregnancy and childbirth are leading causes of death among adolescent ...",https://books.google.com/books?id=mNGcwdyTdegC&pg=PA3&lpg=PA3&dq=young%2Bmarriage%2Bchildbirth%2Bdeath%2Bbangladesh&source=bl&ots=tIHVD1IEI0&sig=ACfU3U3CvdSQAR2PxigChaZnqRTsYhiIOQ&hl=en&sa=X&ved=2ahUKEwju87-svMv1AhXClosKHcsqB7kQ6AF6BQi2AhAD,98,2022-01-25 04:48:50
